{"Plains": {"Fire": {"0": 0.007740470316727678, "1": 0.15733051794218833, "2": 0.03142547349992041, "3": 0.03189549639442207, "4": 0.0}, "Air": {"0": 0.022038461538461538, "1": 0.16693178785244678, "2": 0.05207315833935283, "3": 0.004928517427980264, "4": 0.0}, "Glamour": {"0": 0.02673518284993695, "1": 0.18870805378371436, "2": 0.09381925892824348, "3": 0.0872202310263348, "4": 0.0013907766990291263}, "Water": {"0": 0.0025801567722425595, "1": 0.1533899839616058, "2": 0.012638588254018781, "3": 0.07713140005386941, "4": 0.0011589805825242719}, "Astral": {"0": 0.002348360655737705, "1": 0.1573609174328775, "2": 0.0783143494655909, "3": 0.024124626587005225, "4": 0.022965646004480957}, "Earth": {"0": 0.00469672131147541, "1": 0.21779159728938896, "2": 0.058886444190061095, "3": 0.031865096903732903, "4": 0.0006953883495145631}, "Death": {"0": 0.005623905777494827, "1": 0.20190143274281025, "2": 0.07059784797806044, "3": 0.04549166860514943, "4": 0.0011589805825242719}, "Nature": {"0": 0.0, "1": 0.1397634122601893, "2": 0.040331355060664306, "3": 0.04056315117716916, "4": 0.0011589805825242719}, "Blood": {"0": 0.007045081967213115, "1": 0.010320627088970238, "2": 0.0027815533980582526, "3": 0.0, "4": 0.0009271844660194175}, "Holy": {"0": 0.0, "1": 0.022733849887976103, "2": 0.0025801567722425595, "3": 0.00939344262295082, "4": 0.0004635922330097087}}, "Farm": {"Fire": {"0": 0.004796648550724639, "1": 0.09377064119455425, "2": 0.019474033816425127, "3": 0.019630819060166893, "4": 0.0}, "Air": {"0": 0.013522727272727275, "1": 0.10264043972332017, "2": 0.032134442248572696, "3": 0.0030540458937198074, "4": 0.0}, "Glamour": {"0": 0.029955780632411073, "1": 0.11600148221343874, "2": 0.05683628403601231, "3": 0.053646684233640766, "4": 0.00014371980676328505}, "Water": {"0": 0.001598882850241546, "1": 0.09438145037329822, "2": 0.010743055555555556, "3": 0.04768231225296444, "4": 0.0007185990338164253}, "Astral": {"0": 0.0014551630434782611, "1": 0.09684265206411947, "2": 0.0482620910188845, "3": 0.014816205533596841, "4": 0.014097606499780415}, "Earth": {"0": 0.0029103260869565222, "1": 0.13388969861660083, "2": 0.03867369345630216, "3": 0.01961285408432148, "4": 0.00043115942028985513}, "Death": {"0": 0.003485205314009663, "1": 0.1198100570926658, "2": 0.04318290239350022, "3": 0.028056392731664475, "4": 0.0007185990338164253}, "Nature": {"0": 0.0, "1": 0.0860816315327185, "2": 0.02485862703118138, "3": 0.02500234683794467, "4": 0.0007185990338164253}, "Blood": {"0": 0.004365489130434784, "1": 0.0049403683574879235, "2": 0.0017246376811594208, "3": 0.0002874396135265701, "4": 0.0005748792270531402}, "Holy": {"0": 0.0, "1": 0.01395388669301713, "2": 0.001598882850241546, "3": 0.0058206521739130445, "4": 0.0002874396135265701}}, "Forest": {"Fire": {"0": 0.007643534482758621, "1": 0.17873467432950188, "2": 0.03641336206896552, "3": 0.03099198595146871, "4": 0.0}, "Air": {"0": 0.021296296296296292, "1": 0.2121272669220945, "2": 0.06007905491698595, "3": 0.0048478448275862075, "4": 0.0}, "Glamour": {"0": 0.025896296296296296, "1": 0.20926218071519795, "2": 0.09847517560664114, "3": 0.09166733716475094, "4": 0.0002478448275862069}, "Water": {"0": 0.0025478448275862067, "1": 0.29275063856960404, "2": 0.026469827586206893, "3": 0.07531949233716474, "4": 0.0012392241379310346}, "Astral": {"0": 0.0023, "1": 0.15290777458492974, "2": 0.08105810983397188, "3": 0.02352689974457216, "4": 0.022287675606641123}, "Earth": {"0": 0.005343534482758621, "1": 0.2495547733077905, "2": 0.06443121008939975, "3": 0.031170434227330776, "4": 0.0007435344827586207}, "Death": {"0": 0.005591379310344828, "1": 0.2713849457215836, "2": 0.07766612388250319, "3": 0.04497043422733078, "4": 0.0012392241379310346}, "Nature": {"0": 0.030496296296296292, "1": 0.3380695242656449, "2": 0.0804618135376756, "3": 0.04440534802043423, "4": 0.0019827586206896553}, "Blood": {"0": 0.0069, "1": 0.03223121008939974, "2": 0.003469827586206897, "3": 0.0, "4": 0.0009913793103448277}, "Holy": {"0": 0.0, "1": 0.022039830779054914, "2": 0.0025478448275862067, "3": 0.0092, "4": 0.0004956896551724138}}, "Highland": {"Fire": {"0": 0.007554766734279919, "1": 0.1422169358358795, "2": 0.03984381338742393, "3": 0.030043995686445685, "4": 0.0}, "Air": {"0": 0.04039022261021388, "1": 0.16907026215112844, "2": 0.053657585950137365, "3": 0.025679898323362524, "4": 0.0}, "Glamour": {"0": 0.02433507073715562, "1": 0.17869133694507922, "2": 0.0898097157675816, "3": 0.07983482681592934, "4": 0.00022413793103448278}, "Water": {"0": 0.0025182555780933064, "1": 0.22724281716178393, "2": 0.026303245436105474, "3": 0.07043421829665956, "4": 0.001120689655172414}, "Astral": {"0": 0.0022941176470588237, "1": 0.1454603435437903, "2": 0.07749164248851001, "3": 0.021764076822348325, "4": 0.02109166302924487}, "Earth": {"0": 0.006157200811359027, "1": 0.33666602048938304, "2": 0.07195778878989395, "3": 0.04073669345520837, "4": 0.0006724137931034484}, "Death": {"0": 0.005484787018255578, "1": 0.21275295914961354, "2": 0.08023770765399134, "3": 0.043980101163119116, "4": 0.0017931034482758625}, "Nature": {"0": 0.0, "1": 0.12760841656610267, "2": 0.04218699771484325, "3": 0.037822900351760086, "4": 0.001120689655172414}, "Blood": {"0": 0.0068823529411764705, "1": 0.01466125760649087, "2": 0.0026896551724137937, "3": 0.0, "4": 0.0008965517241379311}, "Holy": {"0": 0.0, "1": 0.020419249236141426, "2": 0.0025182555780933064, "3": 0.009176470588235295, "4": 0.00044827586206896557}}, "Mountain": {"Fire": {"0": 0.008353828600405679, "1": 0.1572591117415975, "2": 0.04405806288032454, "3": 0.03322172599943513, "4": 0.0}, "Air": {"0": 0.0446622653862942, "1": 0.18695269372480547, "2": 0.05933290754101727, "3": 0.028396041415256635, "4": 0.0}, "Glamour": {"0": 0.026908972449739384, "1": 0.19759138219888564, "2": 0.09930882031992194, "3": 0.08827889503684493, "4": 0.0002478448275862069}, "Water": {"0": 0.0027846095334685596, "1": 0.2512781151308187, "2": 0.029085319472616628, "3": 0.07788399138572932, "4": 0.0012392241379310346}, "Astral": {"0": 0.0025367647058823525, "1": 0.16084557218784504, "2": 0.08568787390556394, "3": 0.024066046486250547, "4": 0.023322512003491922}, "Earth": {"0": 0.006808443204868154, "1": 0.3722749265026831, "2": 0.0795687087580558, "3": 0.045045382186047714, "4": 0.0007435344827586207}, "Death": {"0": 0.006064908722109533, "1": 0.2352556759827457, "2": 0.0887243882712404, "3": 0.04863184263229517, "4": 0.0019827586206896553}, "Nature": {"0": 0.0, "1": 0.1411054606259789, "2": 0.04664908401160551, "3": 0.041823399427427015, "4": 0.0012392241379310346}, "Blood": {"0": 0.007610294117647058, "1": 0.01621196754563894, "2": 0.002974137931034483, "3": 0.0, "4": 0.0009913793103448277}, "Holy": {"0": 0.0, "1": 0.022578977520733304, "2": 0.0027846095334685596, "3": 0.01014705882352941, "4": 0.0004956896551724138}}, "Cave": {"Fire": {"0": 0.02396739130434783, "1": 0.1214548587679553, "2": 0.08437301166489929, "3": 0.04474916851441242, "4": 0.0}, "Air": {"0": 0.00798913043478261, "1": 0.07371788537549408, "2": 0.0, "3": 0.044002217294900225, "4": 0.0}, "Glamour": {"0": 0.00798913043478261, "1": 0.05273829894919503, "2": 0.054657343584305414, "3": 0.1184670538899065, "4": 0.0}, "Water": {"0": 0.008736081654294806, "1": 0.3134124650535043, "2": 0.024941675503711562, "3": 0.044002217294900225, "4": 0.003734756097560976}, "Astral": {"0": 0.00798913043478261, "1": 0.2786954714161766, "2": 0.04069260339342525, "3": 0.04176136363636364, "4": 0.0}, "Earth": {"0": 0.01747216330858961, "1": 0.6515599392654006, "2": 0.08161253976670202, "3": 0.0784269256724188, "4": 0.0029878048780487805}, "Death": {"0": 0.00798913043478261, "1": 0.1682175479610527, "2": 0.14753910392364794, "3": 0.00896341463414634, "4": 0.003734756097560976}, "Nature": {"0": 0.09151185770750989, "1": 0.04975049407114625, "2": 0.002240853658536585, "3": 0.0, "4": 0.0}, "Blood": {"0": 0.02396739130434783, "1": 0.016725212089077415, "2": 0.0029878048780487805, "3": 0.0,